{"cameraMode":{"drawMode":0,"name":"Shaded","section":"Shading Mode"},"sceneLighting":true,"audioPlay":false,"sceneViewState":{"showFog":true,"showMaterialUpdate":false,"showSkybox":true,"showFlares":true,"showImageEffects":true,"showParticleSystems":true},"in2DMode":false,"pivot":{"x":3.9641788005828859,"y":-10.244586944580079,"z":29.10883140563965},"rotation":{"x":0.28760650753974917,"y":0.02441965602338314,"z":-0.00733585562556982,"w":0.957410991191864},"size":56.618473052978519,"orthographic":false}