{"cameraMode":{"drawMode":0,"name":"Shaded","section":"Shading Mode"},"sceneLighting":true,"audioPlay":false,"sceneViewState":{"showFog":true,"showMaterialUpdate":false,"showSkybox":true,"showFlares":true,"showImageEffects":true,"showParticleSystems":true},"in2DMode":false,"pivot":{"x":1.407155156135559,"y":-28.375343322753908,"z":71.0405044555664},"rotation":{"x":0.24730685353279115,"y":0.0014535487862303854,"z":-0.0003706427523866296,"w":0.9689435958862305},"size":118.2308120727539,"orthographic":false}